dafny-synthesis_task_id_82.dfy,1.6506564617156982
dafny-synthesis_task_id_605.dfy,1.824254035949707
DafnyProjects_tmp_tmp2acw_s4s_CombNK.dfy,2.145641565322876
Program-Verification-Dataset_tmp_tmpgbdrlnu__Dafny_from dafny main repo_dafny3_CachedContainer.dfy,3.2396016120910645
Metodos_Formais_tmp_tmpbez22nnn_Aula_4_ex1.dfy,1.8145256042480469
dafny-synthesis_task_id_95.dfy,1.8164925575256348
Software-building-and-verification-Projects_tmp_tmp5tm1srrn_CVS-projeto_aula5.dfy,3.334538698196411
dafny-learn_tmp_tmpn94ir40q_R01_assertions.dfy,1.8001549243927002
dafny-synthesis_task_id_161.dfy,1.9901208877563477
Clover_copy_part.dfy,1.874363899230957
dafleet_tmp_tmpa2e4kb9v_0001-0050_0003-longest-substring-without-repeating-characters.dfy,2.2452690601348877
dafny-aoc-2019_tmp_tmpj6suy_rv_parser_split.dfy,1.9076268672943115
protocol-verification-fa2023_tmp_tmpw6hy3mjp_demos_dafny-internals_02-triggers_triggers2.dfy,1.8674046993255615
Dafny_Verify_tmp_tmphq7j0row_dataset_bql_exampls_SmallNum.dfy,1.8325209617614746
Clover_only_once.dfy,1.7992689609527588
t1_MF_tmp_tmpi_sqie4j_exemplos_colecoes_sequences_ex3.dfy,1.8514115810394287
dafny-synthesis_task_id_135.dfy,1.617539882659912
dafny_tmp_tmp2ewu6s7x_ListReverse.dfy,1.9908428192138672
DafnyProjects_tmp_tmp2acw_s4s_findMax.dfy,2.113657236099243
dafl_tmp_tmp_r3_8w3y_dafny_examples_dafny0_InSetComprehension.dfy,2.0569047927856445
DafnyProjects_tmp_tmp2acw_s4s_Graph.dfy,2.741842031478882
Dafny_Verify_tmp_tmphq7j0row_Generated_Code_Count.dfy,1.9384572505950928
dafny-synthesis_task_id_637.dfy,1.6206960678100586
Formal-Verification_tmp_tmpuyt21wjt_Dafny_strings3.dfy,2.228548526763916
Final-Project-Dafny_tmp_tmpmcywuqox_Attempts_Insertion_Sort_Normal.dfy,2.1238019466400146
Program-Verification-Dataset_tmp_tmpgbdrlnu__Dafny_mathematical objects verification_examples_fast_exp.dfy,2.3914315700531006
Clover_modify_2d_array.dfy,1.808976411819458
dafny-synthesis_task_id_69.dfy,1.8077316284179688
Dafny_Verify_tmp_tmphq7j0row_Generated_Code_rand.dfy,1.6816685199737549
dafny-duck_tmp_tmplawbgxjo_p2.dfy,2.1238090991973877
Dafny_Learning_Experience_tmp_tmpuxvcet_u_week1_7_Week4__LinearSearch.dfy,2.072362184524536
Clover_canyon_search.dfy,1.9235146045684814
Program-Verification-Dataset_tmp_tmpgbdrlnu__Dafny_from dafny main repo_dafny2_Classics.dfy,2.6081295013427734
Program-Verification-Dataset_tmp_tmpgbdrlnu__Dafny_variant examples_SumOfCubes.dfy,2.1541788578033447
dafny-synthesis_task_id_458.dfy,1.6374480724334717
Prog-Fun-Solutions_tmp_tmp7_gmnz5f_mockExam2_p2.dfy,1.65981125831604
ironsync-osdi2023_tmp_tmpx80antoe_linear-dafny_Test_git-issues_git-issue-506.dfy,1.8962244987487793
dafny_projects_tmp_tmpjutqwjv4_tutorial_tutorial.dfy,2.50492787361145
dafny-synthesis_task_id_764.dfy,1.8580663204193115
Clover_online_max.dfy,1.8802297115325928
dafny_tmp_tmp49a6ihvk_m4.dfy,3.9750401973724365
Program-Verification-Dataset_tmp_tmpgbdrlnu__Dafny_from dafny main repo_dafny3_Iter.dfy,2.519996404647827
dafny-synthesis_task_id_310.dfy,1.8416316509246826
DafnyPrograms_tmp_tmp74_f9k_c_map-multiset-implementation.dfy,3.772298812866211
dafny-workout_tmp_tmp0abkw6f8_starter_ex12.dfy,1.9526503086090088
dafny_examples_tmp_tmp8qotd4ez_leetcode_0027-remove-element.dfy,2.129457473754883
Clover_triple4.dfy,1.6387214660644531
dafny-synthesis_task_id_133.dfy,1.9100100994110107
Dafny_Learning_Experience_tmp_tmpuxvcet_u_week8_12_a3 copy 2.dfy,2.894436836242676
Dafny-Exercises_tmp_tmpjm75muf__Session8Exercises_ExerciseInsertionSort.dfy,3.168002128601074
dafny-synthesis_task_id_460.dfy,1.8306348323822021
Workshop_tmp_tmp0cu11bdq_Workshop_Answers_Question6.dfy,1.8733525276184082
dafny-synthesis_task_id_105.dfy,1.9075350761413574
ProjectosCVS_tmp_tmp_02_gmcw_Handout 1_CVS_handout1_55754_55780.dfy,1.8861124515533447
Clover_avg.dfy,1.6205615997314453
Program-Verification-Dataset_tmp_tmpgbdrlnu__Dafny_algorithms and leetcode_leetcode_stairClimbing.dfy,3.1396923065185547
Program-Verification-Dataset_tmp_tmpgbdrlnu__Dafny_from dafny main repo_dafny2_StoreAndRetrieve.dfy,2.7363758087158203
dafl_tmp_tmp_r3_8w3y_dafny_examples_uiowa_modifying-arrays.dfy,2.1409664154052734
dafny-synthesis_task_id_170.dfy,1.8721163272857666
Software-Verification_tmp_tmpv4ueky2d_Counting Bits_counting_bits.dfy,1.9020118713378906
dafny-synthesis_task_id_477.dfy,1.9700498580932617
dafny-synthesis_task_id_627.dfy,1.8513903617858887
ironsync-osdi2023_tmp_tmpx80antoe_linear-dafny_Test_c++_maps.dfy,2.3104019165039062
Dafny_Programs_tmp_tmp99966ew4_binary_search.dfy,1.993424892425537
Dafny_Verify_tmp_tmphq7j0row_Test_Cases_Function.dfy,1.8368217945098877
Formal_Verification_With_Dafny_tmp_tmp5j79rq48_LimitedStack.dfy,2.4024479389190674
Clover_min_array.dfy,1.8673584461212158
formal_verication_dafny_tmp_tmpwgl2qz28_Challenges_ex6.dfy,4.189411640167236
Program-Verification-Dataset_tmp_tmpgbdrlnu__Dafny_advanced examples_Refinement.dfy,1.8166477680206299
703FinalProject_tmp_tmpr_10rn4z_DP-GD.dfy,1.7641229629516602
Dafny-Practice_tmp_tmphnmt4ovh_BST.dfy,5.114206552505493
HATRA-2022-Paper_tmp_tmp5texxy8l_copilot_verification_Sort Array_sort_array.dfy,2.930873394012451
dafny-synthesis_task_id_455.dfy,1.606919527053833
Dafny_tmp_tmpv_d3qi10_3_cumsum.dfy,2.0062544345855713
dafny-synthesis_task_id_80.dfy,1.6351776123046875
Program-Verification-Dataset_tmp_tmpgbdrlnu__Dafny_algorithms and leetcode_leetcode_BoatsToSavePeople.dfy,4.1569108963012695
Dafny_Verify_tmp_tmphq7j0row_dataset_C_convert_examples_15.dfy,1.706747055053711
Program-Verification-Dataset_tmp_tmpgbdrlnu__Dafny_from dafny main repo_dafny1_BDD.dfy,2.561145782470703
Formal-methods-of-software-development_tmp_tmppryvbyty_Bloque 2_Lab6.dfy,2.05771541595459
dafny-synthesis_task_id_62.dfy,1.8392446041107178
Clover_swap_in_array.dfy,1.8057019710540771
Metodos_Formais_tmp_tmpql2hwcsh_Invariantes_fibonacci.dfy,1.8519582748413086
Dafny_Learning_Experience_tmp_tmpuxvcet_u_week8_12_week8_CoffeeMaker2.dfy,2.4094512462615967
Dafny_tmp_tmp0wu8wmfr_Heimaverkefni 3_InsertionSortMultiset.dfy,2.3939335346221924
Dafny_Verify_tmp_tmphq7j0row_Generated_Code_ComputePower.dfy,1.8642995357513428
dafny-synthesis_task_id_412.dfy,1.9463720321655273
Clover_remove_front.dfy,1.8670909404754639
dafny-synthesis_task_id_436.dfy,1.9373242855072021
AssertivePrograming_tmp_tmpwf43uz0e_DivMode_Unary.dfy,4.716630935668945
Clover_swap_arith.dfy,1.6134872436523438
dafny-synthesis_task_id_143.dfy,1.614121437072754
Dafny_Verify_tmp_tmphq7j0row_dataset_detailed_examples_SelectionSort.dfy,1.9424123764038086
Program-Verification-Dataset_tmp_tmpgbdrlnu__Dafny_lightening_verifier.dfy,39.35821866989136
dafny-synthesis_task_id_267.dfy,1.7132437229156494
Prog-Fun-Solutions_tmp_tmp7_gmnz5f_mockExam2_p3.dfy,1.6425833702087402
MFES_2021_tmp_tmpuljn8zd9_PracticalClasses_TP3_2_Insertion_Sort.dfy,2.428365468978882
630-dafny_tmp_tmpz2kokaiq_Solution.dfy,1.981306552886963
dafny-synthesis_task_id_762.dfy,1.616149663925171
dafny-synthesis_task_id_600.dfy,1.6382129192352295
fv2020-tms_tmp_tmpnp85b47l_simple_tm.dfy,2.8664259910583496
iron-sync_tmp_tmps49o3tyz_lib_Base_MapRemove.dfy,1.9162423610687256
HATRA-2022-Paper_tmp_tmp5texxy8l_copilot_verification_Largest Sum_largest_sum.dfy,2.037343978881836
Dafny_Verify_tmp_tmphq7j0row_AI_agent_verify_examples_CopyMatrix.dfy,1.9185881614685059
dafny-synthesis_task_id_624.dfy,1.9428009986877441
CVS-handout1_tmp_tmptm52no3k_2.dfy,2.213977336883545
Program-Verification-Dataset_tmp_tmpgbdrlnu__Dafny_mathematical objects verification_examples_logic.dfy,2.0185060501098633
assertive-programming-assignment-1_tmp_tmp3h_cj44u_SearchAddends.dfy,2.2787089347839355
MFS_tmp_tmpmmnu354t_Testes anteriores_T2_ex5_2020_2.dfy,2.4261178970336914
veribetrkv-osdi2020_tmp_tmpra431m8q_docker-hdd_src_veribetrkv-linear_lib_Base_SetBijectivity.dfy,2.105525255203247
dafny-synthesis_task_id_14.dfy,1.6279420852661133
veribetrkv-osdi2020_tmp_tmpra431m8q_docker-hdd_src_veribetrkv-linear_lib_Base_Sets.dfy,1.9653844833374023
dafl_tmp_tmp_r3_8w3y_dafny_examples_dafny0_DividedConstructors.dfy,2.1451821327209473
Clover_linear_search1.dfy,1.8502273559570312
CVS-Projto1_tmp_tmpb1o0bu8z_proj1_proj1.dfy,2.2785329818725586
FlexWeek_tmp_tmpc_tfdj_3_reverse.dfy,2.2801668643951416
Dafny-Exercises_tmp_tmpjm75muf__Session6Exercises_ExercisePeekSum.dfy,2.025258779525757
BinarySearchTree_tmp_tmp_bn2twp5_bst4copy.dfy,2.3454623222351074
dafny-synthesis_task_id_743.dfy,1.827545166015625
veri-titan_tmp_tmpbg2iy0kf_spec_crypto_fntt512.dfy,0.6761934757232666
tangent-finder_tmp_tmpgyzf44ve_circles.dfy,1.8834950923919678
Programmverifikation-und-synthese_tmp_tmppurk6ime_PVS_Assignment_ex_10_Hoangkim_ex10_hoangkim.dfy,1.8364198207855225
Dafny_Programs_tmp_tmp99966ew4_lemma.dfy,1.974600076675415
dafny-language-server_tmp_tmpkir0kenl_Test_comp_Arrays.dfy,2.0625205039978027
dafny-synthesis_task_id_603.dfy,1.843860387802124
Software-Verification_tmp_tmpv4ueky2d_Valid Palindrome_valid_panlindrome.dfy,1.876100778579712
SENG2011_tmp_tmpgk5jq85q_exam_ex3.dfy,1.8781616687774658
dafny-language-server_tmp_tmpkir0kenl_Test_vacid0_Composite.dfy,5.696268320083618
Prog-Fun-Solutions_tmp_tmp7_gmnz5f_extra_pow.dfy,1.8640811443328857
assertive-programming-assignment-1_tmp_tmp3h_cj44u_ProdAndCount.dfy,4.042124032974243
circular-queue-implemetation_tmp_tmpnulfdc9l_Queue.dfy,2.7032320499420166
Program-Verification-Dataset_tmp_tmpgbdrlnu__Dafny_from dafny main repo_dafny3_Streams.dfy,2.9885926246643066
dafny-synthesis_task_id_476.dfy,2.035714864730835
stunning-palm-tree_tmp_tmpr84c2iwh_ch1.dfy,1.9212274551391602
Program-Verification-Dataset_tmp_tmpgbdrlnu__Dafny_from dafny main repo_dafny0_ModulePrint.dfy,1.7415902614593506
dafny-synthesis_task_id_435.dfy,1.6407272815704346
dafny-duck_tmp_tmplawbgxjo_p4.dfy,1.9519891738891602
Invoker_tmp_tmpypx0gs8x_dafny_abstract-interpreter_SimpleVerifier.dfy,2.486548900604248
Program-Verification-Dataset_tmp_tmpgbdrlnu__Dafny_basic examples_sumto_sol.dfy,2.020820379257202
dafl_tmp_tmp_r3_8w3y_dafny_examples_uiowa_fibonacci.dfy,1.8469822406768799
dafny-synthesis_task_id_572.dfy,1.8681719303131104
Clover_all_digits.dfy,1.849905252456665
Dafny-Exercises_tmp_tmpjm75muf__Session4Exercises_ExerciseFirstNegative.dfy,2.0227975845336914
Software-Verification_tmp_tmpv4ueky2d_Non-overlapping Intervals_non_overlapping_intervals.dfy,3.5993704795837402
Clover_find.dfy,1.8538024425506592
dafny-synthesis_task_id_606.dfy,1.6482675075531006
Program-Verification-Dataset_tmp_tmpgbdrlnu__Dafny_basic examples_BubbleSort_sol.dfy,2.5782294273376465
dafleet_tmp_tmpa2e4kb9v_0001-0050_0001-two-sum.dfy,2.0129034519195557
DafnyProjects_tmp_tmp2acw_s4s_Power.dfy,1.9945273399353027
DafnyExercises_tmp_tmpd6qyevja_Part1_Q1.dfy,1.868272304534912
stunning-palm-tree_tmp_tmpr84c2iwh_ch10.dfy,10.898610830307007
protocol-verification-fa2023_tmp_tmpw6hy3mjp_demos_ch01_fast_exp.dfy,2.3702824115753174
dafny-language-server_tmp_tmpkir0kenl_Test_dafny4_git-issue67.dfy,1.8527052402496338
SENG2011_tmp_tmpgk5jq85q_p1.dfy,2.2746005058288574
Dafny_Learning_Experience_tmp_tmpuxvcet_u_week8_12_week9_lemma.dfy,1.8220748901367188
Clover_swap.dfy,1.6166951656341553
Dafny_Verify_tmp_tmphq7j0row_dataset_C_convert_examples_01.dfy,1.7025597095489502
nitwit_tmp_tmplm098gxz_nit.dfy,2.2583160400390625
Dafny_Learning_Experience_tmp_tmpuxvcet_u_week8_12_week10_BoundedQueue_01.dfy,2.134960889816284
Program-Verification-Dataset_tmp_tmpgbdrlnu__Dafny_from dafny main repo_dafny4_ClassRefinement.dfy,2.264765977859497
Program-Verification-Dataset_tmp_tmpgbdrlnu__Dafny_pregel algorithms_skeleton_nondet-permutation.dfy,2.2311880588531494
test-generation-examples_tmp_tmptwyqofrp_RussianMultiplication_dafny_RussianMultiplication.dfy,1.7086002826690674
dafny-synthesis_task_id_470.dfy,1.8667676448822021
dafny-synthesis_task_id_807.dfy,1.9584176540374756
dafny-synthesis_task_id_399.dfy,1.8494720458984375
Workshop_tmp_tmp0cu11bdq_Lecture_Answers_triangle_number.dfy,1.7288901805877686
dafny-workout_tmp_tmp0abkw6f8_starter_ex02.dfy,1.7342381477355957
CO3408-Advanced-Software-Modelling-Assignment-2022-23-Part-2-A-Specification-Spectacular_tmp_tmp4pj4p2zx_car_park.dfy,7.858574628829956
dafny-exercise_tmp_tmpouftptir_maxArray.dfy,1.9628615379333496
Program-Verification-Dataset_tmp_tmpgbdrlnu__Dafny_from dafny main repo_dafny2_COST-verif-comp-2011-2-MaxTree-class.dfy,2.334423542022705
dafny-synthesis_task_id_145.dfy,1.8321490287780762
dafny-synthesis_task_id_555.dfy,1.72556734085083
Metodos_Formais_tmp_tmpbez22nnn_Aula_2_ex2.dfy,1.870488166809082
dafny-language-server_tmp_tmpkir0kenl_Test_triggers_large-quantifiers-dont-break-dafny.dfy,1.8866524696350098
dafny-language-server_tmp_tmpkir0kenl_Test_tutorial_maximum.dfy,1.8787884712219238
Dafny_Verify_tmp_tmphq7j0row_Fine_Tune_Examples_50_examples_38.dfy,1.7232954502105713
protocol-verification-fa2023_tmp_tmpw6hy3mjp_demos_dafny-internals_03-encoding_lemma_call.dfy,1.7676334381103516
Dafny_Programs_tmp_tmp99966ew4_trig.dfy,1.7514305114746094
protocol-verification-fa2023_tmp_tmpw6hy3mjp_demos_ch04_inductive_chain.dfy,2.117579698562622
FormalMethods_tmp_tmpvda2r3_o_dafny_Invariants_ex2.dfy,1.858612298965454
dafny-rope_tmp_tmpl4v_njmy_Rope.dfy,7.467413663864136
dafny-synthesis_task_id_404.dfy,1.6149744987487793
Dafny_Verify_tmp_tmphq7j0row_Test_Cases_Ghost.dfy,1.9000015258789062
Software-Verification_tmp_tmpv4ueky2d_Remove Duplicates from Sorted Array_remove_duplicates_from_sorted_array.dfy,2.0456645488739014
dafny-synthesis_task_id_629.dfy,1.9479331970214844
dafny-language-server_tmp_tmpkir0kenl_Test_dafny4_git-issue40.dfy,1.912595272064209
DafnyProjects_tmp_tmp2acw_s4s_RawSort.dfy,2.365377902984619
Clover_count_lessthan.dfy,1.9189214706420898
dafny-language-server_tmp_tmpkir0kenl_Test_dafny4_MonadicLaws.dfy,2.3187122344970703
feup-mfes_tmp_tmp6_a1y5a5_examples_SelectionSort.dfy,2.450416326522827
dafny_experiments_tmp_tmpz29_3_3i_circuit.dfy,4.8598716259002686
Clover_bubble_sort.dfy,1.979954719543457
veri-sparse_tmp_tmp15fywna6_dafny_spmv.dfy,3.3583920001983643
llm-verified-eval_tmp_tmpd2deqn_i_dafny_9.dfy,1.9918856620788574
SENG2011_tmp_tmpgk5jq85q_flex_ex1.dfy,2.021148920059204
dafny_examples_tmp_tmp8qotd4ez_lib_math_DivMod.dfy,2.0847971439361572
verified-isort_tmp_tmp7hhb8ei__dafny_isort.dfy,1.9047105312347412
Formal-Methods-Project_tmp_tmphh2ar2xv_BubbleSort.dfy,3.174466848373413
Dafny_Verify_tmp_tmphq7j0row_Test_Cases_solved_1_select.dfy,1.9240379333496094
Program-Verification-Dataset_tmp_tmpgbdrlnu__Dafny_variant examples_KatzManna.dfy,1.8601768016815186
dafny-language-server_tmp_tmpkir0kenl_Test_dafny2_SegmentSum.dfy,1.9794223308563232
dafny-synthesis_task_id_750.dfy,1.7750260829925537
MFES_2021_tmp_tmpuljn8zd9_TheoreticalClasses_Power.dfy,2.0539252758026123
Dafny_Verify_tmp_tmphq7j0row_AI_agent_verify_examples_Cube.dfy,1.722303867340088
BPTree-verif_tmp_tmpq1z6xm1d_Utils.dfy,4.0682373046875
dafny-synthesis_task_id_751.dfy,1.8933923244476318
dafny-exercise_tmp_tmpouftptir_prac1_ex1.dfy,1.9233214855194092
Formal-methods-of-software-development_tmp_tmppryvbyty_Bloque 1_Lab3.dfy,2.068208694458008
dafny-exercise_tmp_tmpouftptir_absIt.dfy,2.0093472003936768
MFS_tmp_tmpmmnu354t_Praticas_TP9_Power.dfy,2.157048463821411
Program-Verification-Dataset_tmp_tmpgbdrlnu__Dafny_from dafny main repo_dafny1_Queue.dfy,4.496157646179199
FormalMethods_tmp_tmpvda2r3_o_dafny_Invariants_ex1.dfy,1.6960029602050781
Clover_match.dfy,1.8262419700622559
dafny-synthesis_task_id_598.dfy,1.6746861934661865
Dafny_tmp_tmpmvs2dmry_SlowMax.dfy,1.8464205265045166
llm-verified-eval_tmp_tmpd2deqn_i_dafny_0.dfy,1.9523842334747314
SENG2011_tmp_tmpgk5jq85q_exam_ex4.dfy,1.7317566871643066
DafnyPrograms_tmp_tmp74_f9k_c_automaton.dfy,2.3780946731567383
SENG2011_tmp_tmpgk5jq85q_flex_ex5.dfy,1.930661916732788
Clover_array_append.dfy,1.8737692832946777
Program-Verification-Dataset_tmp_tmpgbdrlnu__Dafny_from_dafny_main_repo_dafny0_snapshots_Inputs_Snapshots1.dfy,1.7472198009490967
Program-Verification-Dataset_tmp_tmpgbdrlnu__Dafny_algorithms and leetcode_leetcode_ReverseLinkedList.dfy,16.89465880393982
cs357_tmp_tmpn4fsvwzs_lab7_question5.dfy,1.8206725120544434
dafny-language-server_tmp_tmpkir0kenl_Test_dafny0_FuelTriggers.dfy,1.7380876541137695
Final-Project-Dafny_tmp_tmpmcywuqox_Attempts_Insertion_Sorted_Standard.dfy,2.023717164993286
dafny-workout_tmp_tmp0abkw6f8_starter_ex09.dfy,1.9275031089782715
dafny-synthesis_task_id_276.dfy,1.6217079162597656
SENG2011_tmp_tmpgk5jq85q_ass1_ex7.dfy,1.8098170757293701
dafny-synthesis_task_id_426.dfy,1.9463515281677246
Dafny-experiences_tmp_tmp150sm9qy_dafny_started_tutorial_dafny_tutorial_array.dfy,1.8618309497833252
dafny-language-server_tmp_tmpkir0kenl_Test_VSI-Benchmarks_b1.dfy,1.8833918571472168
dafny-synthesis_task_id_808.dfy,1.8028419017791748
Dafny_tmp_tmpj88zq5zt_2-Kontrakte_reverse3.dfy,1.9190270900726318
t1_MF_tmp_tmpi_sqie4j_exemplos_colecoes_conjuntos_ex5.dfy,1.947342872619629
dafny-synthesis_task_id_234.dfy,1.6116857528686523
Software-building-and-verification-Projects_tmp_tmp5tm1srrn_CVS-projeto_aula3.dfy,2.1895127296447754
dafny-synthesis_task_id_17.dfy,1.6194233894348145
Program-Verification-Dataset_tmp_tmpgbdrlnu__Dafny_from dafny main repo_dafny1_ListContents.dfy,2.7017316818237305
protocol-verification-fa2023_tmp_tmpw6hy3mjp_demos_ch04_invariant_proof.dfy,2.018988847732544
dafny-language-server_tmp_tmpkir0kenl_Test_dafny2_TuringFactorial.dfy,1.8831937313079834
dafny-synthesis_task_id_249.dfy,1.9789483547210693
DafnyExercises_tmp_tmpd6qyevja_QuickExercises_testing2.dfy,0.6789469718933105
dafny-synthesis_task_id_406.dfy,1.6426432132720947
Program-Verification-Dataset_tmp_tmpgbdrlnu__Dafny_advanced examples_demo.dfy,1.9024684429168701
libraries_tmp_tmp9gegwhqj_examples_MutableMap_MutableMapDafny.dfy,2.6171183586120605
DafnyProjects_tmp_tmp2acw_s4s_longestPrefix.dfy,1.8827884197235107
Dafny_Learning_Experience_tmp_tmpuxvcet_u_week1_7_A2_Q1_trimmed copy - 副本.dfy,2.4818339347839355
dafny-language-server_tmp_tmpkir0kenl_Test_dafny1_Cubes.dfy,1.8497648239135742
dafny-synthesis_task_id_266.dfy,1.6146717071533203
Clover_below_zero.dfy,1.9270498752593994
Correctness_tmp_tmpwqvg5q_4_MethodCalls_q1.dfy,1.9420807361602783
Program-Verification-Dataset_tmp_tmpgbdrlnu__Dafny_from dafny main repo_dafny4_Bug170.dfy,2.035261869430542
dafl_tmp_tmp_r3_8w3y_dafny_examples_dafny0_ContainerRanks.dfy,1.7443263530731201
Dafny-Exercises_tmp_tmpjm75muf__Session10Exercises_ExerciseBarrier.dfy,1.8991787433624268
Clover_set_to_seq.dfy,1.7493815422058105
dafny-synthesis_task_id_577.dfy,1.8266081809997559
dafny-synthesis_task_id_242.dfy,1.6205229759216309
Prog-Fun-Solutions_tmp_tmp7_gmnz5f_extra_mod2.dfy,2.0722856521606445
dafny-exercise_tmp_tmpouftptir_countNeg.dfy,2.0044026374816895
dafny-language-server_tmp_tmpkir0kenl_Test_VSI-Benchmarks_b2.dfy,2.0629048347473145
dafny-synthesis_task_id_3.dfy,1.8259062767028809
Dafny_tmp_tmpmvs2dmry_examples1.dfy,1.8831729888916016
dafny-synthesis_task_id_307.dfy,1.8273441791534424
Dafny_Verify_tmp_tmphq7j0row_Test_Cases_LoopInvariant.dfy,1.8226888179779053
SENG2011_tmp_tmpgk5jq85q_ass2_ex2.dfy,21.231845378875732
ironsync-osdi2023_tmp_tmpx80antoe_linear-dafny_docs_DafnyRef_examples_Example-Old.dfy,1.686164379119873
dafny-synthesis_task_id_264.dfy,1.6089892387390137
Dafny_Verify_tmp_tmphq7j0row_Fine_Tune_Examples_50_examples_28.dfy,1.6771774291992188
Dafny_Verify_tmp_tmphq7j0row_AI_agent_verify_examples_RotateRight.dfy,1.8863060474395752
Clover_multi_return.dfy,1.6094884872436523
dafny_tmp_tmp59p638nn_examples_SelectionSort.dfy,2.1825225353240967
Final-Project-Dafny_tmp_tmpmcywuqox_Attempts_Exercise4_Find_Max.dfy,1.8796851634979248
dafny-synthesis_task_id_622.dfy,1.827934741973877
dafny-synthesis_task_id_106.dfy,1.8481700420379639
assertive-programming-assignment-1_tmp_tmp3h_cj44u_FindRange.dfy,2.5873863697052
cs245-verification_tmp_tmp0h_nxhqp_SortingIssues_FirstAttempt.dfy,1.846668004989624
dafny-synthesis_task_id_557.dfy,1.9988429546356201
Trab1-Metodos-Formais_tmp_tmp_8fa4trr_circular-array.dfy,6.142706394195557
Program-Verification-Dataset_tmp_tmpgbdrlnu__Dafny_algorithms and leetcode_leetcode_pathSum.dfy,2.329089879989624
dafny-language-server_tmp_tmpkir0kenl_Test_dafny1_MatrixFun.dfy,2.2434847354888916
dafny-synthesis_task_id_77.dfy,1.7397065162658691
Dafny-VMC_tmp_tmpzgqv0i1u_src_Math_Helper.dfy,2.592007875442505
dafny_tmp_tmp59p638nn_examples_derangement.dfy,2.755744457244873
dafny-language-server_tmp_tmpkir0kenl_Test_VSComp2010_Problem1-SumMax.dfy,2.1028859615325928
dafny_misc_tmp_tmpg4vzlnm1_rosetta_code_fibonacci_sequence.dfy,1.9648284912109375
dafny-language-server_tmp_tmpkir0kenl_Test_dafny2_Intervals.dfy,2.1714916229248047
Clover_longest_prefix.dfy,1.8389527797698975
dafny-synthesis_task_id_61.dfy,1.8763883113861084
FlexWeek_tmp_tmpc_tfdj_3_ex4.dfy,4.194420576095581
dafny-synthesis_task_id_769.dfy,1.9414892196655273
Prog-Fun-Solutions_tmp_tmp7_gmnz5f_mockExam2_p6.dfy,1.987532138824463
dafny-synthesis_task_id_733.dfy,1.9480137825012207
dafny-synthesis_task_id_792.dfy,1.6788175106048584
Dafny_tmp_tmpmvs2dmry_pancakesort_flip.dfy,1.9632885456085205
Program-Verification-Dataset_tmp_tmpgbdrlnu__Dafny_advanced examples_InsertionSort.dfy,2.1829278469085693
Workshop_tmp_tmp0cu11bdq_Lecture_Answers_selection_sort.dfy,2.1285438537597656
dafny-language-server_tmp_tmpkir0kenl_Test_dafny4_Regression19.dfy,2.1397316455841064
Clover_compare.dfy,1.6752278804779053
dafny-synthesis_task_id_59.dfy,1.6847307682037354
Dafny_Programs_tmp_tmp99966ew4_mymax.dfy,1.821352243423462
FMSE-2022-2023_tmp_tmp6_x_ba46_Lab3_Lab3.dfy,2.120704412460327
type-definition_tmp_tmp71kdzz3p_final.dfy,1.8864920139312744
dafny-sandbox_tmp_tmp3tu2bu8a_Stlc.dfy,3.074385404586792
dafny-language-server_tmp_tmpkir0kenl_Test_dafny4_Bug165.dfy,1.9368908405303955
Dafny-Grind75_tmp_tmpsxfz3i4r_problems_twoSum.dfy,2.116853713989258
dafny-synthesis_task_id_576.dfy,1.889078140258789
dafny-exercise_tmp_tmpouftptir_prac4_ex2.dfy,3.242082118988037
dafny-programs_tmp_tmpcwodh6qh_src_ticketsystem.dfy,2.596853256225586
dafny-synthesis_task_id_441.dfy,1.7009727954864502
Clover_selectionsort.dfy,2.0278217792510986
dafny_tmp_tmp59p638nn_examples_minmax2.dfy,2.1244747638702393
iron-sync_tmp_tmps49o3tyz_concurrency_docs_code_ShardedStateMachine.dfy,1.726560354232788
Program-Verification-Dataset_tmp_tmpgbdrlnu__Dafny_from dafny main repo_dafny4_Primes.dfy,3.322012424468994
pucrs-metodos-formais-t1_tmp_tmp7gvq3cw4_fila.dfy,4.320796012878418
Dafny_Verify_tmp_tmphq7j0row_dataset_C_convert_examples_07.dfy,1.787454605102539
dafny-synthesis_task_id_625.dfy,1.899517297744751
FMSE-2022-2023_tmp_tmp6_x_ba46_Lab10_Lab10.dfy,3.887686252593994
dafny-synthesis_task_id_472.dfy,1.9054303169250488
dafny-synthesis_task_id_599.dfy,1.790743112564087
Clover_reverse.dfy,1.962376356124878
dafny-exercise_tmp_tmpouftptir_appendArray.dfy,1.9883430004119873
dafny-synthesis_task_id_79.dfy,1.7272779941558838
cs245-verification_tmp_tmp0h_nxhqp_A8_Q2.dfy,1.691575527191162
Correctness_tmp_tmpwqvg5q_4_HoareLogic_exam.dfy,2.015397310256958
Program-Verification-Dataset_tmp_tmpgbdrlnu__Dafny_advanced examples_EvenPredicate.dfy,2.494201898574829
dafny-language-server_tmp_tmpkir0kenl_Test_allocated1_dafny0_fun-with-slices.dfy,2.021693468093872
Final-Project-Dafny_tmp_tmpmcywuqox_Attempts_Merge_Sort.dfy,1.9794971942901611
Dafny_Learning_Experience_tmp_tmpuxvcet_u_week1_7_week4_tute_ex4.dfy,2.1829869747161865
groupTheory_tmp_tmppmmxvu8h_assignment1.dfy,2.0459656715393066
Dafny-Exercises_tmp_tmpjm75muf__Session2Exercises_ExerciseSquare_root.dfy,1.814974069595337
cs245-verification_tmp_tmp0h_nxhqp_SortingIssues_BubbleSortCode.dfy,1.8631598949432373
dafl_tmp_tmp_r3_8w3y_dafny_examples_uiowa_find.dfy,1.9332318305969238
Dafny_Verify_tmp_tmphq7j0row_Test_Cases_Triple.dfy,1.9137835502624512
SENG2011_tmp_tmpgk5jq85q_flex_ex2.dfy,2.1627731323242188
Clover_swap_sim.dfy,1.6843369007110596
Software-building-and-verification-Projects_tmp_tmp5tm1srrn_CVS-projeto_aula1.dfy,2.141065835952759
Program-Verification-Dataset_tmp_tmpgbdrlnu__Dafny_algorithms and leetcode_leetcode_validAnagram.dfy,3.8136351108551025
VerifiedMergeSortDafny_tmp_tmpva7qms1b_MergeSort.dfy,2.2945780754089355
Dafny_Verify_tmp_tmphq7j0row_dataset_error_data_real_error_IsEven_success_1.dfy,1.9412941932678223
dafny-synthesis_task_id_594.dfy,2.0909130573272705
Metodos_Formais_tmp_tmpbez22nnn_Aula_4_ex3.dfy,1.99513840675354
Clover_test_array.dfy,1.8594136238098145
Final-Project-Dafny_tmp_tmpmcywuqox_Attempts_Selection_Sort_Standard.dfy,2.0427069664001465
Workshop_tmp_tmp0cu11bdq_Lecture_Answers_max_array.dfy,1.9172947406768799
dafny-synthesis_task_id_803.dfy,1.8580992221832275
MFES_2021_tmp_tmpuljn8zd9_FCUL_Exercises_10_find.dfy,1.9179015159606934
Dafny_Verify_tmp_tmphq7j0row_Fine_Tune_Examples_50_examples_BinarySearch.dfy,1.9748718738555908
Program-Verification-Dataset_tmp_tmpgbdrlnu__Dafny_vampire project_original_Searching.dfy,1.925248146057129
dafny-synthesis_task_id_616.dfy,1.9575717449188232
DafnyProjects_tmp_tmp2acw_s4s_partitionOddEven.dfy,2.31179141998291
dafny-synthesis_task_id_262.dfy,1.7677648067474365
Dafny-Exercises_tmp_tmpjm75muf__Session6Exercises_ExerciseCountEven.dfy,2.2241766452789307
Formal-Verification-Project_tmp_tmp9gmwsmyp_strings3.dfy,2.3956127166748047
Clover_quotient.dfy,1.7424874305725098
verified-using-dafny_tmp_tmp7jatpjyn_longestZero.dfy,2.226977586746216
CSC8204-Dafny_tmp_tmp11yhjb53_stack.dfy,2.015626907348633
vmware-verification-2023_tmp_tmpoou5u54i_demos_leader_election.dfy,2.5725207328796387
Clover_integer_square_root.dfy,1.7671737670898438
verification-class_tmp_tmpz9ik148s_2022_chapter05-distributed-state-machines_exercises_UtilitiesLibrary.dfy,2.387474298477173
Clover_update_map.dfy,1.8992867469787598
protocol-verification-fa2023_tmp_tmpw6hy3mjp_demos_ch04_toy_consensus.dfy,2.5604615211486816
veri-sparse_tmp_tmp15fywna6_dafny_dspmspv.dfy,3.23150634765625
stunning-palm-tree_tmp_tmpr84c2iwh_ch5.dfy,3.338193416595459
Dafny_tmp_tmp0wu8wmfr_tests_F1a.dfy,1.864182710647583
Workshop_tmp_tmp0cu11bdq_Lecture_Answers_sum_array.dfy,1.9941885471343994
dafl_tmp_tmp_r3_8w3y_dafny_examples_dafny0_SharedDestructorsCompile.dfy,2.0848255157470703
Dafny-Practice_tmp_tmphnmt4ovh_Pattern Matching.dfy,2.902655839920044
Dafny-Exercises_tmp_tmpjm75muf__Session3Exercises_ExerciseMaximum.dfy,2.2147305011749268
Dafny-Exercises_tmp_tmpjm75muf__Session2Exercises_ExerciseFibonacci.dfy,2.0157339572906494
protocol-verification-fa2023_tmp_tmpw6hy3mjp_demos_ch06_refinement_proof.dfy,2.320183515548706
metodosFormais_tmp_tmp4q2kmya4_T1-MetodosFormais_examples_ex1.dfy,2.989649772644043
dafny-language-server_tmp_tmpkir0kenl_Test_dafny4_git-issue74.dfy,2.9626083374023438
DafnyPrograms_tmp_tmp74_f9k_c_invertarray.dfy,2.872173547744751
Dafny_Learning_Experience_tmp_tmpuxvcet_u_week8_12_week8_CheckSumCalculator.dfy,3.157166004180908
dafny-synthesis_task_id_414.dfy,3.0440800189971924
Formal-Methods-Project_tmp_tmphh2ar2xv_Factorial.dfy,2.7859184741973877
dafny-programs_tmp_tmpcwodh6qh_src_max.dfy,2.793585777282715
FMSE-2022-2023_tmp_tmp6_x_ba46_Lab1_Lab1.dfy,3.095911741256714
Prog-Fun-Solutions_tmp_tmp7_gmnz5f_mockExam2_p5.dfy,2.728165626525879
Clover_array_copy.dfy,3.085859775543213
dafny-synthesis_task_id_89.dfy,2.3136281967163086
dafny-synthesis_task_id_233.dfy,2.4719302654266357
dafny-synthesis_task_id_775.dfy,2.996556282043457
Clover_triple3.dfy,2.714266061782837
dafny-synthesis_task_id_396.dfy,2.8589227199554443
dafny-synthesis_task_id_759.dfy,2.8473637104034424
Dafny_tmp_tmp0wu8wmfr_Heimaverkefni 1_LinearSearch.dfy,2.860382080078125
Prog-Fun-Solutions_tmp_tmp7_gmnz5f_extra_sum.dfy,2.9858970642089844
QS_BoilerPlate1_tmp_tmpa29vtz9__Ex2.dfy,4.619645357131958
Final-Project-Dafny_tmp_tmpmcywuqox_Attempts_Exercise6_Binary_Search.dfy,3.185227632522583
ironsync-osdi2023_tmp_tmpx80antoe_lib_Math_div_def.dfy,2.763145685195923
Clover_replace.dfy,2.79886531829834
dafny-synthesis_task_id_397.dfy,2.542174816131592
Programmverifikation-und-synthese_tmp_tmppurk6ime_PVS_Assignment_ex_04_Hoangkim_ex_04_Hoangkim.dfy,2.8746860027313232
formal-verification_tmp_tmpoepcssay_strings3.dfy,3.5494797229766846
dafny_tmp_tmp59p638nn_examples_GenericSelectionSort.dfy,4.004885673522949
bbfny_tmp_tmpw4m0jvl0_enjoying.dfy,3.574371099472046
dafleet_tmp_tmpa2e4kb9v_0001-0050_0005-longest-palindromic-substring.dfy,10.496970891952515
dafny-synthesis_task_id_268.dfy,2.6746675968170166
Software-Verification_tmp_tmpv4ueky2d_Longest Increasing Subsequence_longest_increasing_subsequence.dfy,3.128293037414551
dafny-language-server_tmp_tmpkir0kenl_Test_dafny4_Bug58.dfy,3.0184803009033203
Program-Verification-Dataset_tmp_tmpgbdrlnu__Dafny_algorithms and leetcode_leetcode_FindPivotIndex.dfy,3.500213861465454
formal_verication_dafny_tmp_tmpwgl2qz28_Challenges_ex2.dfy,3.0232186317443848
Dafny_Verify_tmp_tmphq7j0row_AI_agent_validation_examples.dfy,3.5442512035369873
dafny-synthesis_task_id_790.dfy,3.1121826171875
dafny-language-server_tmp_tmpkir0kenl_Test_dafny4_Lucas-down.dfy,3.9151008129119873
dafny-synthesis_task_id_591.dfy,2.94952130317688
Metodos_Formais_tmp_tmpbez22nnn_Aula_2_ex1.dfy,2.87056040763855
dafny-synthesis_task_id_799.dfy,2.54451847076416
dafny-exercise_tmp_tmpouftptir_filter.dfy,4.317885160446167
dafny-synthesis_task_id_565.dfy,2.8829703330993652
CVS-Projto1_tmp_tmpb1o0bu8z_fact.dfy,3.3476688861846924
Software-Verification_tmp_tmpv4ueky2d_Best Time to Buy and Sell Stock_best_time_to_buy_and_sell_stock.dfy,3.0470290184020996
veri-sparse_tmp_tmp15fywna6_dafny_concurrent_poc_6.dfy,4.468984842300415
dafny-language-server_tmp_tmpkir0kenl_Test_dafny0_snapshots_Inputs_Snapshots0.dfy,2.854952812194824
dafny-synthesis_task_id_85.dfy,2.5905745029449463
Clover_return_seven.dfy,2.8065361976623535
dafny-synthesis_task_id_554.dfy,3.0821990966796875
dafny-synthesis_task_id_257.dfy,2.7241814136505127
cs686_tmp_tmpdhuh5dza_classNotes_notes-9-8-21.dfy,3.6744141578674316
sat_dfy_tmp_tmpfcyj8am9_dfy_Seq.dfy,4.722301959991455
dafny-synthesis_task_id_273.dfy,3.1222341060638428
summer-school-2020_tmp_tmpn8nf7zf0_chapter01_solutions_exercise11_solution.dfy,3.2140352725982666
dafny-exercise_tmp_tmpouftptir_reverse.dfy,3.0471019744873047
SENG2011_tmp_tmpgk5jq85q_ass2_ex1.dfy,3.258622884750366
Dafny_Verify_tmp_tmphq7j0row_dataset_C_convert_examples_11.dfy,2.6943438053131104
dafny-language-server_tmp_tmpkir0kenl_Test_dafny4_git-issue133.dfy,3.2739346027374268
Dafny_Verify_tmp_tmphq7j0row_dataset_C_convert_examples_06_n.dfy,2.6905832290649414
dafny-synthesis_task_id_309.dfy,2.509937286376953
dafny-synthesis_task_id_579.dfy,3.2030551433563232
dafny-workout_tmp_tmp0abkw6f8_starter_ex03.dfy,2.5940499305725098
dafny-synthesis_task_id_261.dfy,3.067070722579956
summer-school-2020_tmp_tmpn8nf7zf0_chapter02_solutions_exercise03_solution.dfy,5.56012487411499
software_analysis_tmp_tmpmt6bo9sf_ss.dfy,3.716792345046997
formal_verication_dafny_tmp_tmpwgl2qz28_Challenges_ex1.dfy,3.1795315742492676
Program-Verification-Dataset_tmp_tmpgbdrlnu__Dafny_basic examples_add_by_one_details.dfy,2.880619764328003
Workshop_tmp_tmp0cu11bdq_Workshop_Answers_Question5.dfy,3.1526639461517334
703FinalProject_tmp_tmpr_10rn4z_gaussian.dfy,3.4478518962860107
repo-8967-Ironclad_tmp_tmp4q25en_1_ironclad-apps_src_Dafny_Libraries_Util_seqs_simple.dfy,3.387730121612549
Clover_update_array.dfy,2.7585608959198
Dafny_Verify_tmp_tmphq7j0row_AI_agent_verify_examples_DoubleArray.dfy,2.8465919494628906
dafny-synthesis_task_id_230.dfy,2.9216525554656982
Clover_max_array.dfy,2.9757392406463623
ironsync-osdi2023_tmp_tmpx80antoe_linear-dafny_Test_git-issues_git-issue-1158.dfy,3.1317529678344727
Dafny_Verify_tmp_tmphq7j0row_dataset_bql_exampls_Min.dfy,3.0886855125427246
test-generation-examples_tmp_tmptwyqofrp_ParamTests_dafny_Utils.dfy,2.108421564102173
dafny-exercise_tmp_tmpouftptir_prac1_ex2.dfy,3.263002634048462
Dafny_Verify_tmp_tmphq7j0row_Fine_Tune_Examples_error_data_completion_06_n.dfy,2.908984422683716
dafny-language-server_tmp_tmpkir0kenl_Test_dafny4_Bug144.dfy,3.2025797367095947
dafny-synthesis_task_id_58.dfy,2.313842296600342
dafny-synthesis_task_id_776.dfy,3.1767849922180176
specTesting_tmp_tmpueam35lx_examples_sort_sort.dfy,3.4782207012176514
protocol-verification-fa2023_tmp_tmpw6hy3mjp_demos_ch04_leader_election.dfy,4.046227216720581
dafny-duck_tmp_tmplawbgxjo_ex5.dfy,3.205512285232544
Dafny_tmp_tmp0wu8wmfr_tests_Search1000.dfy,5.312392234802246
dafny-language-server_tmp_tmpkir0kenl_Test_dafny4_Bug92.dfy,3.0679688453674316
dafny-language-server_tmp_tmpkir0kenl_Test_dafny3_InductionVsCoinduction.dfy,3.5969960689544678
t1_MF_tmp_tmpi_sqie4j_exemplos_introducao_ex4.dfy,2.935969114303589
Program-Verification-Dataset_tmp_tmpgbdrlnu__Dafny_basic examples_product_details.dfy,2.6448566913604736
Program-Verification-Dataset_tmp_tmpgbdrlnu__Dafny_advanced examples_ReverseString.dfy,3.878887176513672
dafny-synthesis_task_id_312.dfy,2.656597137451172
Final-Project-Dafny_tmp_tmpmcywuqox_Attempts_Quick_Sort.dfy,3.324187994003296
Dafny_Learning_Experience_tmp_tmpuxvcet_u_week8_12_week10_ExtensibleArray.dfy,6.279852628707886
Dafny_Verify_tmp_tmphq7j0row_Generated_Code_15.dfy,2.69028902053833
MIEIC_mfes_tmp_tmpq3ho7nve_TP3_binary_search.dfy,3.361629009246826
Clover_abs.dfy,2.5987861156463623
Dafny_tmp_tmp0wu8wmfr_tests_SumIntsLoop.dfy,3.277611494064331
dafny_examples_tmp_tmp8qotd4ez_leetcode_0069-sqrt.dfy,2.8958518505096436
protocol-verification-fa2023_tmp_tmpw6hy3mjp_demos_ch03_nim_v3.dfy,3.2952263355255127
dafny-synthesis_task_id_626.dfy,2.569722890853882
Clover_array_sum.dfy,3.0286991596221924
Program-Verification-Dataset_tmp_tmpgbdrlnu__Dafny_advanced examples_Modules.dfy,3.0519227981567383
dafl_tmp_tmp_r3_8w3y_dafny_examples_dafny0_PrecedenceLinter.dfy,3.9470467567443848
Programmverifikation-und-synthese_tmp_tmppurk6ime_PVS_Assignment_ex_06_Hoangkim_ex06-solution.dfy,3.1699564456939697
Software-building-and-verification-Projects_tmp_tmp5tm1srrn_CVS-projeto_handout2.dfy,5.683524131774902
formal-methods-in-software-engineering_tmp_tmpe7fjnek6_Labs2_hw1.dfy,3.148472547531128
Dafny_Verify_tmp_tmphq7j0row_Fine_Tune_Examples_error_data_completion_11.dfy,2.4646472930908203
dafl_tmp_tmp_r3_8w3y_dafny_examples_uiowa_binary-search.dfy,3.252373695373535
vfag_tmp_tmpc29dxm1j_sumar_componentes.dfy,2.972127676010132
se2011_tmp_tmp71eb82zt_ass1_ex6.dfy,2.9870080947875977
Program-Verification-Dataset_tmp_tmpgbdrlnu__Dafny_basic examples_BubbleSort.dfy,4.327501058578491
Simulink-To_dafny_tmp_tmpbcuesj2t_Tank.dfy,2.882220506668091
dafny-language-server_tmp_tmpkir0kenl_Test_dafny1_ListReverse.dfy,3.0179123878479004
Dafny_tmp_tmp0wu8wmfr_Heimaverkefni 3_SelectionSortMultiset.dfy,3.5903377532958984
dafny-synthesis_task_id_804.dfy,3.228473663330078
dafny-synthesis_task_id_602.dfy,3.1146695613861084
dafny-language-server_tmp_tmpkir0kenl_Test_git-issues_git-issue-336.dfy,3.821211814880371
formal_verication_dafny_tmp_tmpwgl2qz28_Challenges_ex7.dfy,7.076520681381226
dafny-synthesis_task_id_290.dfy,3.798156261444092
dafny-exercise_tmp_tmpouftptir_zapNegatives.dfy,4.143382787704468
CS5232_Project_tmp_tmpai_cfrng_test.dfy,4.260186672210693
cs245-verification_tmp_tmp0h_nxhqp_Assignments_simple.dfy,3.527559518814087
dafny-synthesis_task_id_732.dfy,4.100606918334961
dafny-synthesis_task_id_86.dfy,3.499863386154175
M2_tmp_tmp2laaavvl_Software Verification_Exercices_Exo4-CountAndReturn.dfy,3.6452841758728027
dafny_tmp_tmp59p638nn_examples_realExponent.dfy,4.20674204826355
CS494-final-project_tmp_tmp7nof55uq_bubblesort.dfy,7.068935871124268
dafny-synthesis_task_id_801.dfy,3.3821146488189697
protocol-verification-fa2023_tmp_tmpw6hy3mjp_demos_dafny-internals_03-encoding_pair.dfy,4.104765892028809
CSU55004---Formal-Verification_tmp_tmp4ki9iaqy_Project_Project_Part_1_project_pt_1.dfy,3.9473164081573486
dafny-language-server_tmp_tmpkir0kenl_Test_hofs_Compilation.dfy,4.234071969985962
dafny-language-server_tmp_tmpkir0kenl_Test_dafny4_git-issue41.dfy,4.259515285491943
Clover_min_of_two.dfy,3.395716428756714
dafny-synthesis_task_id_279.dfy,3.407374382019043
dafny-synthesis_task_id_424.dfy,3.8823187351226807
laboratory_tmp_tmps8ws6mu2_dafny-tutorial_exercise9.dfy,3.9509236812591553
Software-Verification_tmp_tmpv4ueky2d_Valid Anagram_valid_anagram.dfy,5.96004319190979
dafny_examples_tmp_tmp8qotd4ez_test_shuffle.dfy,4.514794826507568
Dafny-Exercises_tmp_tmpjm75muf__Session7Exercises_ExerciseBubbleSort.dfy,8.741026401519775
dafny-synthesis_task_id_127.dfy,3.4219932556152344
Dafny-Exercises_tmp_tmpjm75muf__Session9Exercises_ExerciseSeqMaxSum.dfy,4.510765314102173
dafny-synthesis_task_id_2.dfy,3.943314790725708
Program-Verification-Dataset_tmp_tmpgbdrlnu__Dafny_mathematical objects verification_examples_library.dfy,4.783185243606567
dafny-synthesis_task_id_567.dfy,3.909522771835327
dafny-synthesis_task_id_809.dfy,3.8326332569122314
vfag_tmp_tmpc29dxm1j_mergesort.dfy,3.985136032104492
t1_MF_tmp_tmpi_sqie4j_exemplos_colecoes_arrays_ex5.dfy,3.8753163814544678
Dafny_Verify_tmp_tmphq7j0row_Generated_Code_Minimum.dfy,3.934821367263794
dafny-language-server_tmp_tmpkir0kenl_Test_hofs_SumSum.dfy,6.159820795059204
dafny-language-server_tmp_tmpkir0kenl_Test_triggers_loop-detection-looks-at-ranges-too.dfy,3.7708940505981445
dafny-duck_tmp_tmplawbgxjo_p3.dfy,4.153940439224243
HATRA-2022-Paper_tmp_tmp5texxy8l_copilot_verification_Binary Search_binary_search.dfy,4.306701183319092
dafny-synthesis_task_id_251.dfy,3.904862642288208
iron-sync_tmp_tmps49o3tyz_Impl_CommitterCommitModel.dfy,1.435070514678955
llm-verified-eval_tmp_tmpd2deqn_i_dafny_160.dfy,4.28188943862915
fv2020-tms_tmp_tmpnp85b47l_modeling_concurrency_safety.dfy,6.440799951553345
summer-school-2020_tmp_tmpn8nf7zf0_chapter01_solutions_exercise04_solution.dfy,3.746040105819702
dafny-synthesis_task_id_793.dfy,3.980468988418579
dafny-synthesis_task_id_587.dfy,3.935659885406494
Clover_triple.dfy,3.4293503761291504
Dafny_tmp_tmp0wu8wmfr_Heimaverkefni 8_H8.dfy,5.433934926986694
dafny-synthesis_task_id_610.dfy,4.031907081604004
Dafny-Exercises_tmp_tmpjm75muf__Session2Exercises_ExercisePositive.dfy,4.43098258972168
dafny-synthesis_task_id_474.dfy,3.9683663845062256
Formal_Verification_With_Dafny_tmp_tmp5j79rq48_Counter.dfy,3.948902130126953
FMSE-2022-2023_tmp_tmp6_x_ba46_Lab2_Lab2.dfy,5.012338638305664
Dafny_Verify_tmp_tmphq7j0row_Fine_Tune_Examples_error_data_completion_07.dfy,3.596752166748047
Metodos_Formais_tmp_tmpql2hwcsh_Arrays_explicacao.dfy,3.8805036544799805
Dafny_tmp_tmpmvs2dmry_pancakesort_findmax.dfy,3.963237762451172
Program-Verification-Dataset_tmp_tmpgbdrlnu__Dafny_from dafny main repo_dafny4_NipkowKlein-chapter3.dfy,6.002558469772339
Dafny-VMC_tmp_tmpzgqv0i1u_src_Math_Exponential.dfy,3.9098305702209473
dafny-language-server_tmp_tmpkir0kenl_Test_dafny2_TreeBarrier.dfy,11.185032844543457
MFDS_tmp_tmpvvr5y1t9_Assignments_Ass-1-2020-21-Sol-eGela.dfy,5.262643814086914
Program-Verification-Dataset_tmp_tmpgbdrlnu__Dafny_from dafny main repo_dafny3_InfiniteTrees.dfy,7.915525674819946
dafny-synthesis_task_id_304.dfy,3.569370985031128
dafny-duck_tmp_tmplawbgxjo_p6.dfy,4.3405678272247314
protocol-verification-fa2023_tmp_tmpw6hy3mjp_exercises_chapter04-invariants_ch03exercise03.dfy,4.622031211853027
vfag_tmp_tmpc29dxm1j_Verificacion_torneo.dfy,4.850527286529541
dafny-synthesis_task_id_139.dfy,3.3730435371398926
laboratory_tmp_tmps8ws6mu2_dafny-tutorial_exercise12.dfy,3.9860801696777344
dafny-language-server_tmp_tmpkir0kenl_Test_dafny4_Fstar-QuickSort.dfy,4.518162250518799
Program-Verification-Dataset_tmp_tmpgbdrlnu__Dafny_mathematical objects verification_examples_interval_example.dfy,4.152998447418213
dafny-synthesis_task_id_447.dfy,4.001140832901001
Dafny-Exercises_tmp_tmpjm75muf__Session4Exercises_ExercisefirstZero.dfy,3.8830552101135254
dafny-language-server_tmp_tmpkir0kenl_Test_triggers_function-applications-are-triggers.dfy,3.8561291694641113
MIEIC_mfes_tmp_tmpq3ho7nve_exams_special_20_p5.dfy,4.490846157073975
ironsync-osdi2023_tmp_tmpx80antoe_linear-dafny_Test_git-issues_git-issue-975.dfy,3.6405081748962402
SENG2011_tmp_tmpgk5jq85q_ass2_ex5.dfy,8.741750001907349
Program-Verification-Dataset_tmp_tmpgbdrlnu__Dafny_from dafny main repo_dafny2_COST-verif-comp-2011-3-TwoDuplicates.dfy,5.960523366928101
SENG2011_tmp_tmpgk5jq85q_p2.dfy,3.9778292179107666
Clover_has_close_elements.dfy,3.8852932453155518
se2011_tmp_tmp71eb82zt_ass1_ex4.dfy,3.534832715988159
Software-building-and-verification-Projects_tmp_tmp5tm1srrn_CVS-projeto_handout1.dfy,4.713518381118774
DafnyProjects_tmp_tmp2acw_s4s_sqrt.dfy,3.698047637939453
Program-Verification-Dataset_tmp_tmpgbdrlnu__Dafny_basic examples_add_by_one.dfy,3.6872127056121826
Program-Verification-Dataset_tmp_tmpgbdrlnu__Dafny_algorithms and leetcode_heap2.dfy,5.064574480056763
SENG2011_tmp_tmpgk5jq85q_ass2_ex3.dfy,4.962310791015625
SENG2011_tmp_tmpgk5jq85q_exam_ex2.dfy,4.007789134979248
Final-Project-Dafny_tmp_tmpmcywuqox_Attempts_Exercise3_Increment_Array.dfy,3.996757745742798
Dafny-demo_tmp_tmpkgr_dvdi_Dafny_BinarySearch.dfy,4.183278560638428
MFES_2021_tmp_tmpuljn8zd9_FCUL_Exercises_8_sum.dfy,3.876478672027588
Program-Verification-Dataset_tmp_tmpgbdrlnu__Dafny_algorithms and leetcode_examples_simpleMultiplication.dfy,4.219051361083984
Dafny-Exercises_tmp_tmpjm75muf__Session2Exercises_ExerciseExp.dfy,4.129509449005127
Dafny_tmp_tmpv_d3qi10_2_min.dfy,4.241559267044067
dafny-training_tmp_tmp_n2kixni_session1_training1.dfy,4.450265169143677
dafny-synthesis_task_id_644.dfy,4.0349249839782715
ironsync-osdi2023_tmp_tmpx80antoe_linear-dafny_docs_DafnyRef_examples_Example-Old2.dfy,3.7451553344726562
dafny-synthesis_task_id_430.dfy,3.457237482070923
Programmverifikation-und-synthese_tmp_tmppurk6ime_PVS_Assignment_ex_05_Hoangkim_ex_05_Hoangkim.dfy,4.103927135467529
TFG_tmp_tmpbvsao41w_Algoritmos Dafny_div_ent_it.dfy,3.801612377166748
dafny-language-server_tmp_tmpkir0kenl_Test_hofs_Requires.dfy,4.326599597930908
formal-methods-in-software-engineering_tmp_tmpe7fjnek6_Labs2_gr2.dfy,4.678206443786621
specTesting_tmp_tmpueam35lx_examples_increment_decrement_spec.dfy,4.431412935256958
ironsync-osdi2023_tmp_tmpx80antoe_linear-dafny_Test_git-issues_git-issue-283.dfy,4.254221677780151
dafny-synthesis_task_id_240.dfy,3.805861711502075
Dafny-Exercises_tmp_tmpjm75muf__Session7Exercises_ExerciseSeparate.dfy,4.4911277294158936
Clover_array_product.dfy,3.8647546768188477
Program-Verification-Dataset_tmp_tmpgbdrlnu__Dafny_from_dafny_main_repo_dafny0_snapshots_Inputs_Snapshots5.dfy,3.6631014347076416
dafny-learn_tmp_tmpn94ir40q_R01_functions.dfy,3.8507368564605713
Clover_is_even.dfy,3.4719533920288086
cmsc433_tmp_tmpe3ob3a0o_dafny_project1_p1-assignment-2.dfy,4.415037393569946
Formal-Verification_tmp_tmpuyt21wjt_Dafny_strings1.dfy,4.564746379852295
Clover_binary_search.dfy,4.028611898422241
llm-verified-eval_tmp_tmpd2deqn_i_dafny_3.dfy,4.2770514488220215
Dafny_Verify_tmp_tmphq7j0row_AI_agent_verify_examples_IncrementMatrix.dfy,4.085651159286499
Clover_convert_map_key.dfy,3.846820116043091
dafny-synthesis_task_id_94.dfy,3.980400562286377
paxos_proof_tmp_tmpxpmiksmt_triggers.dfy,3.7342166900634766
AssertivePrograming_tmp_tmpwf43uz0e_Find_Substring.dfy,5.4582929611206055
dafny_examples_tmp_tmp8qotd4ez_leetcode_0001-two-sum.dfy,4.452932596206665
dafny-synthesis_task_id_574.dfy,3.4513394832611084
dafny-synthesis_task_id_431.dfy,3.9677987098693848
Program-Verification-Dataset_tmp_tmpgbdrlnu__Dafny_advanced examples_GenericMax.dfy,4.0742926597595215
Metodos_Formais_tmp_tmpql2hwcsh_Invariantes_potencia.dfy,3.999474287033081
Software-Verification_tmp_tmpv4ueky2d_Remove Element_remove_element.dfy,3.9630439281463623
M2_tmp_tmp2laaavvl_Software Verification_Exercices_Exo7-ComputeSum.dfy,3.9361019134521484
test-generation-examples_tmp_tmptwyqofrp_IntegerSet_dafny_IntegerSet.dfy,5.148168325424194
dafny-synthesis_task_id_282.dfy,3.976755380630493
dafny-synthesis_task_id_126.dfy,3.893359422683716
Clover_seq_to_array.dfy,3.6510190963745117
dafny-synthesis_task_id_618.dfy,3.846348524093628
eth2-dafny_tmp_tmpcrgexrgb_src_dafny_utils_SetHelpers.dfy,4.307543516159058
Program-Verification-Dataset_tmp_tmpgbdrlnu__Dafny_verified algorithms_inductive_props.dfy,5.515152454376221
Clover_rotate.dfy,3.9654698371887207
dafny-duck_tmp_tmplawbgxjo_p1.dfy,4.036880731582642
Dafny_tmp_tmpj88zq5zt_2-Kontrakte_max.dfy,3.88254976272583
dafny-synthesis_task_id_284.dfy,3.880894660949707
Dafny-Exercises_tmp_tmpjm75muf__Session4Exercises_ExerciseContained.dfy,4.207075119018555
Correctness_tmp_tmpwqvg5q_4_Sorting_Tangent.dfy,4.197675943374634
groupTheory_tmp_tmppmmxvu8h_yair_yair2.dfy,3.904543399810791
dafny-mini-project_tmp_tmpjxr3wzqh_src_project2a.dfy,5.485273838043213
dafny-synthesis_task_id_581.dfy,3.4148075580596924
dafl_tmp_tmp_r3_8w3y_dafny_examples_dafny0_SeqFromArray.dfy,4.217771530151367
Dafny_ProgrammingLanguages_tmp_tmp82_e0kji_ExtraCredit.dfy,4.09420919418335
Clover_cal_ans.dfy,3.5988566875457764
lets-prove-blocking-queue_tmp_tmptd_aws1k_dafny_prod-cons.dfy,4.347781419754028
MIEIC_mfes_tmp_tmpq3ho7nve_exams_appeal_20_p4.dfy,3.9608561992645264
dafny-synthesis_task_id_586.dfy,3.7873387336730957
Program-Verification-Dataset_tmp_tmpgbdrlnu__Dafny_advanced examples_OneHundredPrisonersAndALightbulb.dfy,4.019598960876465
formal-methods-in-software-engineering_tmp_tmpe7fjnek6_Labs4_gr2.dfy,4.440692186355591
HATRA-2022-Paper_tmp_tmp5texxy8l_copilot_verification_Two Sum_two_sum.dfy,4.111214637756348
dafny-synthesis_task_id_445.dfy,3.89422607421875
llm-verified-eval_tmp_tmpd2deqn_i_dafny_5.dfy,3.908522844314575
dafny_examples_tmp_tmp8qotd4ez_leetcode_0277-find-the-celebrity.dfy,4.423043966293335
Clover_even_list.dfy,4.221023082733154
dafny-synthesis_task_id_401.dfy,4.909951210021973
dafny-synthesis_task_id_70.dfy,3.9812917709350586
dafny-synthesis_task_id_101.dfy,3.549334764480591
dafny-synthesis_task_id_292.dfy,4.350589036941528
groupTheory_tmp_tmppmmxvu8h_tutorial2.dfy,5.270760774612427
CS5232_Project_tmp_tmpai_cfrng_LFUSimple.dfy,5.752121686935425
Programmverifikation-und-synthese_tmp_tmppurk6ime_PVS_Assignment_ex_06_Hoangkim_ex_06_hoangkim.dfy,4.000198125839233
test-generation-examples_tmp_tmptwyqofrp_IntegerSet_dafny_Utils.dfy,2.4668617248535156
Software-building-and-verification-Projects_tmp_tmp5tm1srrn_CVS-projeto_aula2.dfy,3.951082706451416
dafny-synthesis_task_id_433.dfy,3.9218201637268066
dafny-duck_tmp_tmplawbgxjo_ex3.dfy,4.459399223327637
dafny-synthesis_task_id_18.dfy,3.926070213317871
Metodos_Formais_tmp_tmpql2hwcsh_Invariantes_fatorial2.dfy,4.009854793548584
dafny-synthesis_task_id_454.dfy,3.886693000793457
Dafny_Verify_tmp_tmphq7j0row_dataset_bql_exampls_Square.dfy,3.6397621631622314
Program-Verification-Dataset_tmp_tmpgbdrlnu__Dafny_advanced examples_Percentile.dfy,4.7018678188323975
dafny-exercise_tmp_tmpouftptir_prac3_ex2.dfy,4.235748529434204
dafny-language-server_tmp_tmpkir0kenl_Test_triggers_auto-triggers-fix-an-issue-listed-in-the-ironclad-notebook.dfy,3.820007085800171
Dafny-Exercises_tmp_tmpjm75muf__Session5Exercises_ExerciseSumElems.dfy,5.713671684265137
cs245-verification_tmp_tmp0h_nxhqp_power.dfy,3.9506943225860596
Dafny_Verify_tmp_tmphq7j0row_Fine_Tune_Examples_50_examples_37.dfy,3.654348611831665
Clover_swap_bitvector.dfy,3.4877872467041016
dafny-synthesis_task_id_760.dfy,3.9444522857666016
dafny-synthesis_task_id_113.dfy,3.949284315109253
cs245-verification_tmp_tmp0h_nxhqp_A8_Q1.dfy,4.048940181732178
dafny-synthesis_task_id_227.dfy,3.47316312789917
dafny-language-server_tmp_tmpkir0kenl_Test_dafny4_git-issue76.dfy,3.87788462638855
TFG_tmp_tmpbvsao41w_Algoritmos Dafny_suma_it.dfy,4.187793493270874
specTesting_tmp_tmpueam35lx_examples_max_max.dfy,4.088832378387451
Metodos_Formais_tmp_tmpql2hwcsh_Invariantes_multiplicador.dfy,3.609865188598633
dafny-synthesis_task_id_8.dfy,3.880549669265747
dafny-synthesis_task_id_798.dfy,3.949939727783203
dafny-synthesis_task_id_457.dfy,3.8330888748168945
dafny-synthesis_task_id_784.dfy,4.432133436203003
SiLemma_tmp_tmpfxtryv2w_utils.dfy,4.311582326889038
Program-Verification-Dataset_tmp_tmpgbdrlnu__Dafny_verified algorithms_lol_sort.dfy,5.274402856826782
Dafny_tmp_tmpmvs2dmry_examples2.dfy,4.229281902313232
Dafny-Exercises_tmp_tmpjm75muf__Session6Exercises_ExerciseCountMin.dfy,4.366076231002808
FlexWeek_tmp_tmpc_tfdj_3_ex2.dfy,4.345723628997803
Programmverifikation-und-synthese_tmp_tmppurk6ime_PVS_Assignment_ex_07_Hoangkim_ex07_Hoangkim.dfy,4.558894157409668
SENG2011_tmp_tmpgk5jq85q_ass1_ex8.dfy,3.9377310276031494
dafny-synthesis_task_id_171.dfy,3.4212942123413086
dafny-synthesis_task_id_461.dfy,3.9864284992218018
dafny-synthesis_task_id_641.dfy,3.5066146850585938
CVS-handout1_tmp_tmptm52no3k_1.dfy,4.682790756225586
Dafny-Projects_tmp_tmph399drhy_p2_arraySplit.dfy,4.058555841445923
Dafny_Learning_Experience_tmp_tmpuxvcet_u_week1_7_MaxSum.dfy,3.6804230213165283
Program-Verification-Dataset_tmp_tmpgbdrlnu__Dafny_algorithms and leetcode_examples_bubblesort.dfy,4.262813091278076
dafny-synthesis_task_id_578.dfy,4.597485780715942
Metodos_Formais_tmp_tmpql2hwcsh_Arrays_somatorioArray.dfy,4.83615255355835
Dafny_tmp_tmp0wu8wmfr_tests_InsertionSortSeq.dfy,5.8064351081848145
dafny-synthesis_task_id_142.dfy,4.582427740097046
software-specification-p1_tmp_tmpz9x6mpxb_BoilerPlate_Ex1.dfy,6.3173487186431885
Dafny_Verify_tmp_tmphq7j0row_Generated_Code_Mult.dfy,4.222268342971802
ironsync-osdi2023_tmp_tmpx80antoe_linear-dafny_docs_DafnyRef_examples_Example-Old3.dfy,4.401893138885498
dafny-workout_tmp_tmp0abkw6f8_starter_ex01.dfy,4.49425745010376
Final-Project-Dafny_tmp_tmpmcywuqox_Final_Project_3.dfy,4.254716157913208
Dafny_Learning_Experience_tmp_tmpuxvcet_u_week1_7_week5_ComputePower.dfy,4.867386102676392
MIEIC_mfes_tmp_tmpq3ho7nve_exams_mt2_19_p5.dfy,5.470721483230591
Dafny_Verify_tmp_tmphq7j0row_Fine_Tune_Examples_normal_data_completion_MaxPerdV2.dfy,4.94948410987854
Program-Verification-Dataset_tmp_tmpgbdrlnu__Dafny_from dafny main repo_dafny2_MajorityVote.dfy,6.185827970504761
dafny-synthesis_task_id_728.dfy,4.6667397022247314
dafny-synthesis_task_id_452.dfy,4.130929470062256
Dafny_Verify_tmp_tmphq7j0row_Fine_Tune_Examples_50_examples_SumArray.dfy,4.753209114074707
Clover_array_concat.dfy,4.934597492218018
Clover_cal_sum.dfy,4.62151837348938
Dafny-programs_tmp_tmpnso9eu7u_Algorithms + sorting_bubble-sort.dfy,8.862481832504272
dafny-synthesis_task_id_588.dfy,5.233525991439819
t1_MF_tmp_tmpi_sqie4j_exemplos_colecoes_arrays_ex4.dfy,5.036231517791748
cs357_tmp_tmpn4fsvwzs_lab7_question2.dfy,4.001127243041992
dafny-exercises_tmp_tmp5mvrowrx_leetcode_26-remove-duplicates-from-sorted-array.dfy,14.167153358459473
dafl_tmp_tmp_r3_8w3y_dafny_examples_dafny0_ForallCompilationNewSyntax.dfy,5.281686305999756
ironsync-osdi2023_tmp_tmpx80antoe_linear-dafny_Test_c++_arrays.dfy,5.118950128555298
Clover_slope_search.dfy,4.802631139755249
se2011_tmp_tmp71eb82zt_ass2_ex2.dfy,4.9910173416137695
summer-school-2020_tmp_tmpn8nf7zf0_chapter02_solutions_exercise02_solution.dfy,4.998623847961426
ironsync-osdi2023_tmp_tmpx80antoe_linear-dafny_Test_c++_sets.dfy,5.143007278442383
MIEIC_mfes_tmp_tmpq3ho7nve_exams_mt2_19_p4.dfy,4.785982370376587
metodosFormais_tmp_tmp4q2kmya4_T1-MetodosFormais_examples_somatoriov2.dfy,4.889238119125366
Dafny_Verify_tmp_tmphq7j0row_Generated_Code_LinearSearch.dfy,4.715671539306641
dafny-synthesis_task_id_741.dfy,4.793750286102295
dafny-language-server_tmp_tmpkir0kenl_Test_vstte2012_Two-Way-Sort.dfy,4.905946493148804
Program-Verification-Dataset_tmp_tmpgbdrlnu__Dafny_advanced examples_MatrixMultiplication.dfy,5.438617706298828
Program-Verification-Dataset_tmp_tmpgbdrlnu__Dafny_basic examples_find_max.dfy,4.629730224609375
cs245-verification_tmp_tmp0h_nxhqp_quicksort-partition.dfy,4.873717308044434
stunning-palm-tree_tmp_tmpr84c2iwh_ch8.dfy,5.758893251419067
dafny-synthesis_task_id_770.dfy,4.453892707824707
Clover_linear_search3.dfy,4.795693397521973
Program-Verification-Dataset_tmp_tmpgbdrlnu__Dafny_algorithms and leetcode_lib_seq.dfy,59.690187215805054
dafny-language-server_tmp_tmpkir0kenl_Test_hofs_WhileLoop.dfy,5.375892639160156
dafny-exercise_tmp_tmpouftptir_firstE.dfy,4.998320579528809
Program-Verification-Dataset_tmp_tmpgbdrlnu__Dafny_algorithms and leetcode_math_pearson.dfy,6.561480760574341
CVS-Projto1_tmp_tmpb1o0bu8z_searchSort.dfy,4.491353988647461
Program-Verification-Dataset_tmp_tmpgbdrlnu__Dafny_from dafny main repo_dafny3_CalcExample.dfy,4.881898641586304
dafny-programs_tmp_tmpcwodh6qh_src_factorial.dfy,4.513576507568359
dafny-programs_tmp_tmpcwodh6qh_src_expt.dfy,4.877733469009399
specTesting_tmp_tmpueam35lx_examples_binary_search_binary_search_specs.dfy,5.709224224090576
M2_tmp_tmp2laaavvl_Software Verification_Exercices_Exo9-Carre.dfy,4.521326065063477
dafny_examples_tmp_tmp8qotd4ez_leetcode_0070-climbing-stairs.dfy,4.71247124671936
dafny-synthesis_task_id_623.dfy,4.741752624511719
t1_MF_tmp_tmpi_sqie4j_exemplos_classes_parte1_contadorV1b.dfy,4.4888646602630615
Dafny_Verify_tmp_tmphq7j0row_AI_agent_verify_examples_ComputePower.dfy,4.633700370788574
FlexWeek_tmp_tmpc_tfdj_3_ex3.dfy,5.004931926727295
Prog-Fun-Solutions_tmp_tmp7_gmnz5f_extra_mod.dfy,5.021240234375
DafnyPrograms_tmp_tmp74_f9k_c_prime-database.dfy,7.026766300201416
Program-Verification-Dataset_tmp_tmpgbdrlnu__Dafny_advanced examples_ArrayMap.dfy,4.7076733112335205
Clover_double_array_elements.dfy,4.632681608200073
Software-Verification_tmp_tmpv4ueky2d_Contains Duplicate_contains_duplicate.dfy,5.018630743026733
summer-school-2020_tmp_tmpn8nf7zf0_chapter02_solutions_exercise01_solution.dfy,4.635969161987305
dafny-exercises_tmp_tmp5mvrowrx_paper_krml190.dfy,46.57665252685547
Dafny_tmp_tmp0wu8wmfr_Heimaverkefni 2_BinarySearchDec.dfy,5.057639122009277
Clover_linear_search2.dfy,4.688046932220459
Dafny-Exercises_tmp_tmpjm75muf__Session7Exercises_ExerciseSelSort.dfy,6.631152391433716
Program-Verification-Dataset_tmp_tmpgbdrlnu__Dafny_from dafny main repo_dafny0_GhostITECompilation.dfy,4.608409404754639
Clover_is_palindrome.dfy,4.626055955886841
Dafny_Verify_tmp_tmphq7j0row_Test_Cases_Index.dfy,4.78783655166626
dafny_misc_tmp_tmpg4vzlnm1_rosetta_code_factorial.dfy,4.512020587921143
Clover_two_sum.dfy,4.868741512298584
Programmverifikation-und-synthese_tmp_tmppurk6ime_example_DafnyIntro_01_Simple_Loops.dfy,4.5146567821502686
Clover_double_quadruple.dfy,4.024506092071533
Clover_triple2.dfy,4.134267807006836
Dafny_Verify_tmp_tmphq7j0row_dataset_C_convert_examples_23_x.dfy,4.415541887283325
dafny-synthesis_task_id_269.dfy,3.968810558319092
Dafny_Learning_Experience_tmp_tmpuxvcet_u_week8_12_a3_search_findPositionOfIndex.dfy,4.831632614135742
Dafny-Exercises_tmp_tmpjm75muf__Session7Exercises_ExerciseBinarySearch.dfy,5.46887469291687
Program-Verification-Dataset_tmp_tmpgbdrlnu__Dafny_algorithms and leetcode_leetcode_lc-remove-element.dfy,4.84379243850708
llm-verified-eval_tmp_tmpd2deqn_i_dafny_161.dfy,5.227092504501343
Dafny-Exercises_tmp_tmpjm75muf__Session7Exercises_ExerciseReplace.dfy,4.755847692489624
AssertivePrograming_tmp_tmpwf43uz0e_MergeSort.dfy,10.422897338867188
dafny-language-server_tmp_tmpkir0kenl_Test_dafny2_COST-verif-comp-2011-1-MaxArray.dfy,4.800532341003418
dafny-language-server_tmp_tmpkir0kenl_Test_LanguageServerTest_DafnyFiles_symbolTable_15_array.dfy,4.452239274978638
CVS-Projto1_tmp_tmpb1o0bu8z_Hoare.dfy,5.45447039604187
dafny-synthesis_task_id_755.dfy,5.074415445327759
Dafny_Verify_tmp_tmphq7j0row_Fine_Tune_Examples_50_examples_41.dfy,4.428517818450928
dafny-synthesis_task_id_432.dfy,4.27303671836853
Program-Verification-Dataset_tmp_tmpgbdrlnu__Dafny_algorithms and leetcode_ProgramProofs_ch15.dfy,8.00233244895935
dafny-synthesis_task_id_238.dfy,3.978806972503662
